term,translation,notes
AAP,米国小児科学会（AAP）,
Academy of Nutrition and Dietetics,アメリカ栄 養士会（AND）,
ACC,米国化学工業協会（ACC）,PFASの禁止に反対
Acceptable Daily Intake,許容一日摂取量（ADI）,
Accredited Third-Party Certification program,認定第三者認証プログラム,
ACI,カンナビノイド産業協会（ACI）,
ACS,米国がん協会（ACS）,
action level,措置基準,初出時は末尾に（action level）を併記
Action on Salt,日本語表記はありません,専門家グループ
action plan,行動計画,
Ad hoc Joint FAO/WHO Expert Consultation on Risk Assessment of Food Allergens,FAO/WHO合同食物アレルゲンリスク評価専門家特別協議,
ADI,許容一日摂取量（ADI）,
ADUFA,動物用医薬品ユーザーフィー法（ADUFA）,
Advocate,提唱者,アドボケート
AEI,アメリカン・エンタープライズ研究所（AEI）,COVID-19の影響に関するパネルディスカッションを主催
AFA,台湾農糧署（AFA）,
AFBF,米国農業連合会（AFBF）,
AFDO,食品医薬品検査官協会（AFDO）,Association of Food and Drug Officials
AFFI,米国冷凍食品協会（AFFI）,
AFGE,米国行政府職員連合（AFGE）,
AFL-CIO,アメリカ労働総同盟・産業別組合会議（AFL-CIO）,米国最大の労働者団体
African Swine Fever,アフリカ豚コレラ,African Swine Fever
"Agency for Food, Environmental and Occupational Health & Safety",食品環境労働衛生安全庁（ANSES）,フランスの政府機関
ag-gag law,畜産場隠し撮り禁止法（通称ag-gag法）,
AGRI committee,農業・農村開発委員会,
Agricultural Appropriations bill,農業支出法案,
Agricultural Marketing Service,農業マーケティング局（AMS）,USDAの下部機関
Agriculture and Horticulture Development Board,農業園芸開発公社（AHDB）,
Agriculture and Rural Development (AGRI) Committee ,農業・農村開発（AGRI）委員会,欧州議会の委員会
Agriculture Minister Tereza Cristina,テレザ・クリスチナ農務相,
agri-food,農産食品,
agrifood system,アグリフードシステム,
AHA,アメリカ心臓協会（AHA）,
AHDB,農業園芸開発公社（AHDB）,
AHPA,米国ハーブ製品協会（AHPA）,
Alcohol and Tobacco Tax and Trade Bureau,アルコール・タバコ税貿易管理局（TTB）,アルコール飲料のラベル表示基準に関する新規則を発行
ALDF,動物法律擁護基金（ALDF）,
allulose,アルロース,
"－Also,",－ その他：,
Amarin Pharma,日本語表記はありません,
Amazon,アマゾン,
American Academy of Pediatrics,米国小児科学会（AAP）,
American Beverage Association,米国飲料協会（ABA）,ABA
American Cancer Society,米国がん協会（ACS）,
American Enterprise Institute,アメリカン・エンタープライズ研究所（AEI）,COVID-19の影響に関するパネルディスカッションを主催
American Farm Bureau Federation,米国農業連合会（AFBF）,
American Federation of Government Employees,米国行政府職員連合（AFGE）,
American Frozen Food Institute,アメリカ冷凍食品協会（AFFI）,
American Heart Association,アメリカ心臓協会（AHA）,
American Herbal Products Association,米国ハーブ製品協会（AHPA）,
American Soybean Association,アメリカ大豆協会（ASA）,
AMR,薬剤耐性（AMR）,
AMS,農業マーケティング局（AMS）,USDAの下部機関
AND,アメリカ栄養士会（AND）,
Animal and Plant Health Inspection Service,動植物検疫局（APHIS）,
Animal Digestible Food Packaging Initiative,動物が消化可能な食品包装イニシアチブ,
Animal Legal Defense Fund (ALDF),動物法律擁護基金（Animal Legal Defense Fund:ALDF）,
Animal Pharm,日本語表記はありません,動物医療に携わる
Animal Welfare Institute,動物福祉研究所（AWI）,
Anna Eshoo,アンナ・エシュー,
Annals of Internal Medicine,日本語表記はありません,医学雑誌
Annie's Homegrown,アニーズ・ホームグロウン,「ナチュラル」表示で訴えられる
Annual Agricultural Outlook Forum ,年次農業観測会議,USDAの会議
ANSES,食品環境労働衛生安全庁（ANSES）,フランスの政府機関
antibiotics,抗生物質,
antimicrobial resistance,薬剤耐性（AMR）,
APHIS,動植物検疫局（APHIS）,Animal and Plant Health Inspection Service
AquaBounty,AquaBounty社,
AquaBounty Technologies,アバウンティ・テクノロジーズ,遺伝子組み換えサーモンメーカー
Aquaculture Stewardship Council,水産養殖管理協議会（ASC）,
Archer Daniels Midland,ADM,米国の農業大手
ASC,水産養殖管理協議会（ASC）,
ASF,アフリカ豚コレラ（ASF）,
Aspen Institute,アスペン研究所,COVID-19営業再開ガイドラインを発表
Association of Food and Drug Official,食品医薬品監視員協議会（AFDO）,
Association of Food and Drug Officials,食品医薬品監視員協議会（AFDO）,
ASTA,米国スパイス貿易協会（ASTA）,
ATNI,栄養へのアクセス・イニシアチブ（ATNI）,
AWI,動物福祉研究所（AWI）,
B corp,B Corp,米国の非営利団体B Labによる認証基準
BASF,日本語表記はありません,ジカンバ製品を製造するドイツの化学メーカー。
Bayer,バイエル,
BBBs,優良企業協会（BBBs）,
BELTWAY NOTEBOOK:,米国政府関連情報：,
Ben & Jerry’s,ベン&ジェリーズ,アイスクリームメーカー
Bernstein,バーンスタイン社,
best-before date/best-if-used-by,賞味期限,アジアの非英語圏は、適宜内容を確認する
Better Business Bureaus,優良企業協会（BBBs）,
biopesticide,バイオ農薬,
Biotechnology Notification File,バイオテクノロジー協議の完了に関する公式文書（BNF）,
Blue Bell Creameries,ブルーベル・クリーマリー,アイスクリーム製造業者
BMJ,英国医師会雑誌（BMJ）,
Bonumose,日本語表記はありません,FDAに食品識別基準の緩和を請願
BRC,英国小売業協会（BRC）,British Retailers Consortium
BRF,日本語表記はありません,豚・鶏肉大手
British Medical Journal ,英国医師会雑誌（BMJ）,
Brucell,ブルセラ属菌,
BSE,牛海綿状脳症（BSE）,
BSI,英国規格協会（BSI）,
Burger King ,バーガーキング,
CADE,経済擁護行政委員会（CADE）,ブラジルの独占禁止法規制当局
CAFO,大規模畜産農場（CAFO）,
CAGR,年平均成長率,
CalChamber,カリフォルニア州商工会議,
CalChamber ,カリフォルニア州商工会議所（CalChamber ）,
California Code of Regulations,カリフォルニア州規則集（California Code of Regulations）,
Campbell Soup,キャンベル・スープ,
Campylobacter,カンピロバクター、カンピロバクター属菌,
Campylobacter jejuni,カンピロバクター・ジェジュニ,
campylobacteriosis,カンピロバクター症,
Canada Food Guide,カナダ食生活指針,
Canadian Food Inspection Agency,カナダ食品検査庁（CFIA）,
Canadian Health Food Association,カナダ健康食品協会,
Canopy Growth,キャノピー・グロース,カナダの大手大麻企業
CAP,共通農業政策（CAP）,
Carcinogenic to humans,ヒトに対して発がん性を有する,
Cargill ,カーギル,
CAST,農業科学技術委員会（CAST）,細胞培養肉に関する報告書を作成
CBA,消費者ブランド協会（CBA）,食料品製造業者協会（Grocery Manufacturers Association：GMA）の新名称
CBD,カンナビジオール（CBD）,
CBD American Shaman,CBDアメリカンシャーマン,CBDメーカー
CBP,米国税関国境警備局（CBP）,
CCC,商品金融公社（CCC）,
CCFH,コーデックス食品衛生部会（CCFH）,
CCFN,一般食品名称に関わるコンソーシアム,Consortium for Common Food Names
CCRVDF,コーデックス食品残留動物用医薬品部会（CCRVDF）,2回目以降は略称で表記
CDC,疾病管理予防センター（CDC）,
CEH,環境衛生センター（CEH）,Center for Environmental Health、食品安全などを訴える団体
CEH,英国生態水文学研究所（CEH）,Centre for Ecology＆Hydrology
cellular agriculture,細胞農業,
Center for Environmental Health,環境衛生センター（CEH）,食品安全などを訴える団体
Center for Food Safety,食品安全センター（CFS）,
Center for Produce Safety,農作物安全センター（CPS）,
Center for Science in the Public Interest,公益科学センター（CSPI）,
Center for Veterinary Medicine,動物用医薬品センター（CVM）,
Centers for Disease Control and Prevention,疾病管理予防センター（CDC）,
Centre for Ecology and Hydrology,英国生態水文学研究所（CEH）,
CEO,CEO,基本はそのままCEOとする。和訳すべき場合は、企業では「最高経営責任者」、政府機関では「最高責任者」などとする。
Ceres,セリーズ,持続可能性の向上を目指す団体
CERT,有害物質に関する教育・研究協議会（CERT）,
Certificate of Product Registration (CPR),製品登録証明（CPR）,
CETA,包括的経済貿易協定（CETA）,
CFA,全米消費者連合（CFA）,
CFNA,中国食品土畜進出口商会（CFNA）,
CFP,食品保護会議（CFP）,
CFS,食品安全センター（CFS）,消費者団体
CFTC,米商品先物取引委員会（CFTC）,
CFTC/AAC,商品先物取引委員会・農業諮問委員会（CFTC/AAC）,
CGA,圧縮ガス協会（CGA）,
CHD,冠動脈心疾患（CHD）,Coronary heart disease
chemical hazards,化学的ハザード,
Chick-Fil-A,チックフィレイ,抗生物質フリーの目標を達成した鶏肉企業
chief information officer,最高情報責任者,
chief product officer,最高製品責任者（CFO）,
China Phase One,米中貿易交渉の第1段階合意,
Chipotle Mexican Grill,チポトレ・メキシカン・グリル,
chlorpyrifos,クロルピリホス,
CHPA,消費者ヘルスケア製品協会（CHPA）,業界団体。CBD製品に関しFDAに請願
Circular Economy Action Plan,循環経済行動計画,欧州グリーンディールの一環
citrus greening,カンキツグリーニング病,
Classical Swine Fever,豚コレラ（CFS）,
Clean Label Project,クリーン・ラベル・プロジェクト,
Closer to Zero,さらにゼロに近づける（Closer to Zero）,
Coca-Cola ,コカ・コーラ,
Code of Practice,実施規範,
Codex,コーデックス委員会,
Codex Committee on Food Hygiene,コーデックス食品衛生部会（CCFH）,
Codex Committee on Residues of Veterinary Drugs in Foods,コーデックス食品残留動物用医薬品部会（CCRVDF）,2回目以降は略称で表記
Coldiretti,コルディレッティ,イタリアの農業者団体
color additive petition,色素添加物申請（CAP）,米国の制度
Commodities and Futures Trading Commission,米商品先物取引委員会（CFTC）,
Commodity Futures Trading Commission Agricultural Advisory Committee,商品先物取引委員会・農業諮問委員会（CFTC/AAC）,
Common Agricultural Policy,共通農業政策（CAP）,
compost, 堆肥,
Comprehensive Economic and Trade Agreement,包括的経済貿易協定（CETA）,
"Compressed Gas Association, Inc.",圧縮ガス協会（CGA）,
Conference for Food Protection,食品保護会議（CFP）,
Congress,米国議会,
Congressional Supply Chain Caucus,議会サプライチェーン議員会議,COVID-19による混乱への対応策などを考える
Conselho Administrativo de Defesa Economica,経済擁護行政委員会（CADE）,ブラジルの独占禁止法規制当局
Consortium for Common Food Names,一般食品名称に関わるコンソーシアム（CCFN）,
Consumer Federation of America,全米消費者連合（CFA）,
Consumer Reports,コンシューマー・レポート誌,
COOL,原産地表示制度（COOL）,
Coordinated Outbreak Response and Evaluation (CORE) Network,協調的集団感染対応評価（CORE）ネットワーク,米国FDAの食中毒対応ネットワーク
coronary heart disease,冠動脈心疾患（CHD）,
Corteva,コルテバ,クロルピリホスを製造
Costco Wholesale Corp.,コストコホールセール,
Council of Agricultural Science and Technology,農業科学技術委員会（CAST）,細胞培養肉に関する報告書を作成
Country Crock,日本語表記はありません,「植物性バター」を製造
court order,裁判所命,
COVID-19,新型コロナウイルス感染症（COVID-19）,
CPG,消費財,Consumer Packaged Goods
CPS,農産物安全センター（CPS）,
CRC,共同研究センター,Cooperative Research Centre
CRN,米国栄養評議会（CRN）,
CSF,豚コレラ（CFS）,
CSPI,公益科学センター（CSPI）,Center for Science in the Public Interest（米国の消費者団体）
Curaleaf,キュラリーフ,大麻企業
Customs broker,通関業者,
CV Sciences,日本語表記はありません,CBDメーカー
Cyclospora,サイクロスポーラ,
Cyclospora cayetanensis,サイクロスポーラ・カイエタネンシス(Cyclospora cayetanensis) ,
Danone,ダノン,
Data Universal Numbering System (DUNS) number,DUNSナンバー,
David Acheson,デイビッド・アチソン,David Acheson
D-Calif.,民主党-カリフォルニア州,
D-Conn,民主党-コネチカット州,
Dean Foods,ディーン・フーズ,
defend,擁護,
DEFRA,環境・食糧・農村地域省（DEFRA）,
DeLauro,デローロ議員,
Department for Environment Food and Rural Affairs,Search Results Web results  環境・食糧・農村地域省（DEFRA）,
Department of Justice,米国司法省（DOJ）,
Department of Pesticide Regulation,農薬規制局（DPR）,
Department of Trade and Industry (DTI),フィリピン貿易産業省（DTI）,
Deputy Commissioner for Food Policy and Response,食品政策・対応担当副長官,
deputy under secretary for food safety,食品安全担当副次官,
DFA,米国酪農協同組合（DFA）,
DGAC,食事ガイドライン諮問委員会（DGAC）,
Diamond CBD,ダイヤモンドCBD,CBDメーカー
Dietary Guidelines Advisory Committee,食事ガイドライン諮問委員会（DGAC）,
Dietary Guidelines for Americans,米国人のための食事ガイドライン,
dietary supplement,ダイエタリーサプリメント,
Dietary Supplement Health and Education Act,ダイエタリーサプリメント健康教育法（DSHEA）,DSHEA
DOC,米国商務省（DOC）,
DOJ ,米国司法省（DOJ ）,
Dole,ドール,
DPR,農薬規制局（DPR）,
DSHEA,栄養補助食品健康教育法（DSHEA）,
D-tagatose,D-タガトース,
E. coli,大腸菌,
E.coli,大腸菌,
EASAC,欧州アカデミー科学諮問委員会（EASAC）,
EAT-Lancet Commission,EATランセット委員会,肉の摂取削減を提言
EC,欧州委員会（EC）,FALSE
ECDC,欧州疾病予防管理センター（ECDC）,
ECHA,欧州化学品庁（ECHA）,European Chemicals Agency
Echinococcus,エキノコックス,
ECI,欧州市民イニシアチブ（ECI）,
ECJ,欧州司法裁判所（ECJ）,
E-Commerce,eコマース,
Economic Research Service,経済調査局（ERS）,USDAの下部機関
EDF,環境防衛基金（EDF）,
EFSA,欧州食品安全機関（EFSA）,European Food Safety Authority
Egg Nutrition Center,卵栄養センター（ENC）,ENC
Endangered Species Act,絶滅危機生物保護法（ESA）,
endocrine disruptor,内分泌かく乱物質,
Environmental Defense Fund,環境防衛基金（EDF）,
environmental inhibitor,環境阻害剤,
Environmental Protection Agency,米国環境保護庁（EPA）,
EP,欧州議会（EP）,
EPA,米国環境保護庁（EPA）,Environmental Protection Agency
ERS,経済調査局（ERS）,USDAの下部機関
ESA,絶滅危機生物保護法（ESA）,
ESBL,基質特異性拡張型βラクタマーゼ（ESBL）,
EU,欧州連合（EU）,
EU’s Intellectual Property Office,欧州連合知的財産庁（EUIPO）,EUIPO
European Academies Science Advisory Council,欧州アカデミー科学諮問委員会（EASAC）,
European Centre for Disease Prevention and Control,欧州疾病予防管理センター（ECDC）,
European Citizens’ Initiative,欧州市民イニシアチブ（ECI）,
European Commission,欧州委員会,ECと略す場合もあり
European Court of Justice,欧州司法裁判所（ECJ）,
European Dairy Association,欧州酪農協会,
European Food Safety Authority,欧州食品安全機関（EFSA）,
European Food Safety Authority ,欧州食品安全機関（EFSA）,
European Livestock and Meat Trades Union,欧州家畜食肉取引業者連盟（UECBV）,
European Parliament,欧州議会,EPと略す場合もあり
European Parliament’s Petitions Committee ,欧州議会請願委員会,請願書の審査などを行う委員会
European Union Reference Laboratories,欧州連合基準研究所,
EWG,環境ワーキンググループ（EWG）,「農薬に汚染された12の農産物リスト」などを発表
exposure,曝露,
extended-spectrum β-lactamase,基質特異性拡張型βラクタマーゼ（ESBL）,
F&WW,食と水の監視（F&WW）,
factory farm,工場式農場,
FAIRR,畜産動物投資リスク・リターン（FAIRR）,投資家ネットワーク
FALCPA,食物アレルゲン表示・消費者保護法（FALCPA）,米国の法律
FAO,国連食糧農業機関（FAO）,
Farm Animal Investment Risk and Return,畜産動物投資リスク・リターン（FAIRR）,投資家ネットワーク
Farm Bill,農業法案,
FASTER Act,食物アレルギーの安全、治療、教育および研究に関する法律（FASTER法）,米国の法律
FCF Co.,FCF社,台湾のマグロ加工業者
FD&C Act,連邦食品・医薬品・化粧品法（FD&C法）,
FDA,米国食品医薬品局（FDA）,Food and Drugs Administration
FDLI,食品医薬品法研究協会（FDLI）,
Federal Customs Service of Russia ,ロシア連邦税関局 （FTS）,
"Federal Food, Drug, and Cosmetic Act",連邦食品・医薬品・化粧品法（FD&C法）,
Federal Open Market Committee,連邦公開市場委員会 ,
Federal Register,連邦官報,米国のFederal Registerの訳
Federal Register Notice,連邦官報告示,米国のFederal Register Noticeの訳
Federal Trade Commission,連邦取引委員会（FTC）,
first-mover advantage,先行者利益,
Flexible Vinyl Alliance ,軟質ビニル連盟（FVA）,
FMCG,低価格日用消費財,Fast Moving Consumer Goods
FMI,食品マーケティング協会（FMI）,
FNS,食料栄養局（FNS）,Food and Nutrition Service
FOMC,連邦公開市場委員会 ,Federal Open Market Committee
Food & Ag Briefing:,先週の食品・農業政策の概要：,
Food & Water Watch,Food & Water Watch,Food and Water Watch （F&WW：「食と水の監視」）
Food Additive Petition,食品添加物申請（FAP）,
Food Advisory Committee,食品諮問委員会,
Food Allergen Labeling and Consumer Protection Act,食物アレルゲン表示・消費者保護法（FALCPA）,米国の法律
"Food Allergy Safety, Treatment, Education and Research Act",食物アレルギーの安全、治療、教育および研究に関する法律（FASTER法）,米国の法律
Food and Agriculture Organisation,国連食糧農業機関（FAO）,
Food and Agriculture Organization,国連食糧農業機関（FAO）,
Food and Drug Law Institute,食品医薬品法研究協会（FDLI）,
Food and Nutrition Service,食料栄養局（FNS）,FNS
Food attorney,食品関連法専門弁護士,
food chain,フードチェーン,
Food Code,食品コード,初出時は（Food Code：食品衛生規則）を併記
food contact material,食品接触材料,
Food Contact Notification,食品接触通知（FCN),
food defense,食品防御,
food fraud,食品偽装,
Food Marketing Institute,食品マーケティング協会（FMI）,
food safety advocacy group,食品安全擁護派,
Food safety advocates,食品安全推進派,
Food Safety and Applied Nutrition,米国食品安全・応用栄養センター（CFSAN）,
Food Safety and Inspection Service,食品安全検査局（FSIS）,USDAの下部機関
Food Safety Authority of Ireland,アイルランド食品安全局（FSAI）,
Food Safety Foresight Programme,食品安全予測プログラム,
food safety management system,食品安全マネジメントシステム（FSMS）,
Food Safety Modernization Act,食品安全強化法（FSMA）,
Food Standards Australia New Zealand,オーストラリア・ニュージーランド食品基準機関（FSANZ）,
food supplement,フードサプリメント,
"Food, Drug and Cosmetic Act",連邦食品・医薬品・化粧品法,
foodborne illness,食品由来疾病、食中毒,
Foods for Special Medical Purposes(FSMP),特別医療用途食品（FSMP）,※国や機関ごとに意味、定義が異なるので適切な訳を調べてください
FOP,容器包装前面（FOP）,
Foreign Supplier Verification Program,外国供給業者検証プログラム（FSVP）,
Foundation FSSC,FSSC財団,
Frank Yiannas,フランク・イアナス,
Frans Timmermans,フランス・ティメルマンス,欧州委員会の上級副委員長（2022年9月時点）
Fresh Express,日本語表記はありません,サラダ製品で食中毒発生
friend-of-the-court brief,法廷助言者文書,
front of pack,容器包装前面（FOP）,
front of package,容器包装前面（FOP）,
FSA,英国食品基準庁（FSA）,
FSAI,アイルランド食品安全局（FSAI）,
FSANZ,オーストラリア・ニュージーランド食品基準機関（FSANZ）,
FSC,森林管理協議会（FSC）,森林管理の認証を行う
FSIS,食品安全検査局（FSIS）,USDAの下部機関
FSMA,食品安全強化法（FSMA）,
FSMS,食品安全マネジメントシステム（FSMS）,
FSSC,食品安全システム認証（FSSC）,
FSVP,外国供給業者検証プログラム（FSVP）,
FTC,連邦取引委員会（FTC）,
FVE,スペインワイン連盟（FVE）,
GAO,米国政府説明責任局（GAO）,
GAP,政府説明責任プロジェクト（GAP）,Government Accountability Project、内部告発したUSDA検査官の代理を務める団体
GAP,農業生産工程管理（GAP),※初出時は英語を併記
gene-edited,遺伝子編集,
general data protection regulation,一般データ保護規則（GDPR）,
General Mills,ゼネラル・ミルズ,
Geographical Indications,地理的表示（GI）,
George Institute for Global Health ,日本語表記はありません,医学研究所
GFI,グッドフードインスティテュート（GFI）,
GFSI,世界食品安全イニシアチブ（GFSI）,
GFSI ,世界食品安全イニシアチブ（GFSI ）,
GI,地理的表示,
GIPSA,穀物検査食肉流通局（GIPSA）,
Givaudan,ジボダン社,
Global Food Safety Initiative’s (GFSI),世界食品安全イニシアチブ（GFSI）,
Global Widget,日本語表記はありません,CBDメーカー
glyphosate,グリホサート,glyphosate
GMA,グロサリー製造業者協会（GMA）,
GMO,遺伝子組換え（GMO）,
GNC,日本語表記はありません,合成植物成分をサプリメントの成分として認めるよう要請
Good Agricultural Practice,農業生産工程管理（GAP),※初出時は英語を併記
Good Agricultural Practices,農業生産工程管理（GAP),※初出時は英語を併記
Good Food Institute,グッドフードインスティテュート（GFI）,
Good Manufacturing Practice,適正製造規範（GMP）,
Gottlieb,ゴットリーブ長官,スコット・ゴットリーブFDA長官
Government Accountability Office,米国政府説明責任局（GAO）,
Grana Padano,グラナ・パダーノ,
GRAS,「一般的に安全と認められる（GRAS）」食品成分に関する規則,
Grocery Manufacturers Association,食料品製造業者協会（GMA）,
HACCP,危害分析重要管理点（HACCP:ハサップ）,
Harbin Veterinary Research Institute,ハルビン獣医研究所,中国の研究所。
hazard,ハザード,
Hazard Analysis and Risk-Based Preventive Controls for Human Food,ヒト用食品のハザード分析およびリスクに基づく予防管理,
Health and Safety Code,安全衛生法,カリフォルニア州の規則（外務省訳に準拠）
Health Canada,カナダ保健省,
health claims,健康強調表示,
Health Star Rating,ヘルス・スター・レーティング（HSR）,
Hellman's,ヘルマンズ,“better-for-you” 表示が問題に
hemp seed,ヘンプシード,
hemp seed oil,ヘンプシードオイル,
hemp seed protein,ヘンプシードプロテイン,
Hershey’s,ハーシー,
HHS,米国保健社会福祉省 （HHS）,Human and Health Services
Highly Pathogenic Avian Influenza,高病原性鳥インフルエンザ（HPAI）,HPAI
HIMP,HACCPに基づいた検査モデル計画（HIMP）,
Hormel Foods,ホーメル・フーズ,
House,米国下院,
House Agriculture Committee,下院農業委員会,
House Appropriations Committee,米国下院歳出委員会,
House appropriations subcommittee,米国下院歳出小委員会,
HPAI,高病原性鳥インフルエンザ（HPAI）,highly pathogenic avian influenza
HSR,ヘルス・スター・レーティング（HSR）,
HSUS,米国動物愛護協会（HSUS）,
Human and Health Services,米国保健福祉省 （HHS）,HHS
Humane Society of the United States,米国動物愛護協会（HSUS）,
IAFP,国際食品保護協会（IAFP）,食品安全専門家の団体
IARC,国際がん研究機関（IARC）,International Agency for Research on Cancer
IBFAN,乳児用食品国際行動ネットワーク（IBFAN）,
IDFA,国際乳製品協会（IDFA）,International Dairy Foods Association
IFIC,国際食品情報協議会（IFIC）,食や健康に関する調査などを行う食品業界団体
IFSAC,食品安全分析に関する省庁間協力（IFSAC）,
IFT,食品技術者協会,
IFT19,IFT 19食品素材見本市（IFT 19）,
IHS Markit,IHSマークイット,
ILSI,国際生命科学研究機構（ILSI）,
Impossible Foods,インポッシブル・フーズ,
Infant Formula,乳児用調製乳,
Informa,日本語表記はありません,会議「Food Ingredients Europe」を開催
initiative,イニシアチブ,文脈によっては「構想」や「取り組み」も
Interagency Food Safety Analytics Collaboration,食品安全分析に関する省庁間協力,IFSAC
International Agency for Research on Cancer,国際がん研究機関（IARC） ,
International Association for Food Protection,国際食品保護協会（IAFP）,食品安全専門家の団体
International Dairy Foods Association,国際乳製品協会（IDFA）,IDFA
International Life Sciences Institute,国際生命科学研究機構（ILSI）,
inventory visibility,在庫状況確認,
ISO,国際標準化機構（ISO）,
isomaltooligosaccharide (IMO),イソマルトオリゴ糖 （IMO）,
J.M. Smucker,J.M.スマッカー,Jifブランドのピーナッツバターを製造
Jair Bolsonaro,ジャイル・ボルソナロ,ブラジル大統領
JBS,日本語表記はありません,
JECFA,FAO/WHO合同食品添加物専門家会議（JECFA）,
JEMRA,FAO/WHO合同微生物学的リスク評価専門家会議（JEMRA）,
Jimmy John,ジミー・ジョンズ,食中毒を起こしたサンドイッチチェーン
Joint FAO/WHO Expert Committee on Food Additives,FAO/WHO合同食品添加物専門家会議（JECFA）,
Joint FAO/WHO Expert Meetings on Microbiological Risk Assessment,FAO/WHO合同微生物学的リスク評価専門家会議（JEMRA）,
Journal of Epidemiology & Community Health,日本語表記はありません,オンラインの科学雑誌
JUST,日本語表記はありません,植物性食品事業を行う
Keller and Heckman,ケラー＆ヘックマン,国際的法律事務所
Kellogg ,ケロッグ,
Kraft Heinz,クラフト・ハインツ,
kratom,クラトム,
Kroger ,クローガー,米国最大手の小売業者
La Unio de Llauradors,日本語表記はありません,スペイン・バレンシア地域の農業団体
Labor Code,労働法,カリフォルニア州の規則（外務省訳に準拠）
laboratory accreditation program,検査所認定規則,
laboratory accreditation rule,検査所認定規則,
Lancet,ランセット,医学雑誌
laying hens,産卵鶏,
LGMA,地方自治体管理者協会（LGMA）,
License to Operate (LTO),営業許可（LTO）,
listeria monocytogenes,リステリア・モノサイトゲネス,初出時は学名を併記
listeriosis,リステリア症,
Luke,フィンランド自然資源研究所（Luke）,
Manufactured Food Regulatory Program Standards,製造食品規制計画基準（MFRPS）,米国の州食品規制当局用の規制計画基準
MARA,農業農村部（MARA）,
Marfrig,マルフリグ,ブラジルの食肉大手
margin of exposure,曝露マージン（MOE）,
Marine Stewardship Council,海洋管理協議会（MSC）,
Mars,マース,
Masami Takeuchi,武内真佐美,FAO食品安全専門官（2022年11月時点）
McDonald,マクドナルド,
MCT oil,中鎖脂肪酸（MCTオイル）,
Member of Parliament,下院議員,（英国）下院議員
membership,会員資格,
MEP,欧州議会議員（MEP）,
Mercosur,メルコスール,
MFRPS,製造食品規制計画基準（MFRPS）,米国の州食品規制当局用の規制計画基準
microbiological risk assessment,微生物学的リスク評価（MRA）,
Mile High Labs,マイルハイラボ,CBDメーカー
Ministry of Agriculture and Rural Affairs,農業農村部（MARA）,
Ministry of Industry and Information Technology,中華人民共和国工業情報化部（MIIT）,中?人民共和国工?和信息化部（工信部）
Minselkhoz,ロシア連邦農業省,
Mitigation Strategies To Protect Food Against Intentional Adulteration,意図的異物混入から食品を保護するための集中的緩和戦略,
Miyoko's Creamery,日本語表記はありません,ビーガンバター製造業者
Molson Coors,モルソン・クアーズ,
Mondelez,モンデリーズ,
Monsanto,モンサント,現在はバイエル傘下
mozzarella,モッツァレッラ,
multiple sclerosis,多発性硬化症（MS）,
mutagenesis,突然変異誘発,
Mycobacterium bovis,ウシ型結核菌,初出時は学名を併記
N-acetyl-L-cysteine,N-アセチル-L-システイン（NAC）,
NACMCF,食品微生物基準全米諮問委員会（NACMCF）,
NACS,全米コンビニエンスストア協会（NACS）,
NAD,全米広告監視機構（NAD）,
NAFTA,北米自由貿易協定（NAFTA）,North American Free Trade Agreement
NAFV,全米連邦獣医官協会（NAVF）,
NAMI,北米食肉協会（NAMI）,
NAOOA,北米オリーブオイル協会（NAOOA）,
NASDA,全米州農業局協会（NASDA）,
NASEM,全米科学・工学・医学アカデミー（NASEM）,
"National Academies of Sciences, Engineering, and Medicine",全米科学・工学・医学アカデミー（NASEM）,
National Academy of Sciences,米国科学アカデミー（NAS）,
National Advertising Division,全米広告監視機構（NAD）,
National Advisory Committee on Microbiological Criteria for Foods,食品微生物基準全米諮問委員会（NACMCF）,
NATIONAL AGENCY FOR DRUG AND FOOD CONTROL,国家医薬品食品監督庁,BPOM
National Association of Convenience Stores,全米コンビニエンスストア協会（NACS）,
National Association of Federal Veterinarians,全米連邦獣医官協会（NAVF）,
National Association of State Departments of Agriculture,全米州農業局協会（NASDA）,
National Bioengineered Food Disclosure Standard,全米バイオ工学食品情報開示基準（NBFDS）,
National Center for Toxicological Research,国立毒性研究センター（NCTR),
National Chicken Council,全米鶏肉協議会,
National Consumers League,全米消費者連盟（NCL）,
National Credit Union Administration,全米信用組合管理機構（NCUA）,米国の金融規制当局
National Farmers' Federation,全国農業者連盟（NFF）,オーストラリアの農業者団体
National Farmers Union,全国農業者組合（NFU）,
National Fisheries Institute,全米漁業協会（NFI）,
National Institute for Food and Agriculture,国立食料農業研究所（NIFA）,
National Institute of Food and Agriculture,国立食料農業研究所（NIFA）,移転計画のあるUSDAの研究機関
National Institutes of Health,アメリカ国立衛生研究所（NIH）,
National List of Allowed and Prohibited Substances,使用可能・禁止物質リスト,
National Milk Producers Federation,全米生乳生産者連盟（NMPF）,NMPF
National Oceanic and Atmospheric Administration,アメリカ海洋大気庁（NOAA）,
National Organic Standards Board,全米有機認証基準委員会（NOSB）,
National Pig Association,全国養豚協会,英国
National Pork Board,全米豚肉委員会,
National Pork Producers Council,全米豚肉生産者協議会（NPPC）,
National Potato Promotion Board,全国ジャガイモ促進協会,
National School Lunch Program,全米学校給食プログラム,
natural capital accounting, 自然資本会計,
Natural Products Association,米国自然製品協会（NPA）,
Natural Resources Defense Council,天然資源保護協議会（NRDC）,
NBFDS,全米バイオ工学食品情報開示基準（NBFDS）,National Bioengineered Food Disclosure Standard
NCBA,全米肉牛生産者・牛肉協会（NCBA）,
NCC,全米鶏肉協議会（NCC）,
NCL,全米消費者連盟（NCL）,
NCLA,新市民の自由連盟（NCLA）,無線IDガイドラインをめぐりUSDAを提訴
NCTR,国立毒性研究センター（NCTR),National Center for Toxicological Research
NCUA,全米信用組合管理機構（NCUA）,米国の金融規制当局
NDI,新規ダイエタリーサプリメント成分（NDI）,
Nestle,ネスレ,
Nestle Waters North America,北米ネスレウォーターズ,
New Civil Liberties Alliance,新市民の自由連盟（NCLA）,無線IDガイドラインをめぐりUSDAを提訴
new dietary ingredient,新規ダイエタリーサプリメント成分（NDI）,
new dietary ingredients,新規ダイエタリーサプリメント成分（NDI）,
New England Meat Packing,ニューイングランド・ミートパッキング,
New Era of Smarter Food Safety,よりスマートな食品安全の新時代,
New Poultry Inspection System,新家禽検査システム（NPIS）,NPIS
New Swine Inspection System,新豚屠殺検査システム（NSIS）,
New York Times,ニューヨーク・タイムズ紙,
NFF,全国農業者連盟（NFF）,オーストラリアの農業者団体
NFI,全米漁業協会（NFI）,National Fisheries Institute
NFU,全国農業者組合（NFU）,
NIFA,国立食料農業研究所（NIFA）,移転計画のあるUSDAの研究機関
NIH,アメリカ国立衛生研究所（NIH）,
NMPF,全米牛乳生産者連盟（NMPF）,
NOAA,アメリカ海洋大気庁（NOAA）,National Oceanic and Atmospheric Administration
Nofima,ノルウェー食品・漁業・水産養殖研究所（NOFIMA）,
non-communicable diseases,非伝染性疾病（NCD）,
NON-NUTRIENT,非栄養素,
non-psychoactive,非精神作用物,精神作用の無い
non-ready-to-eat,non-RTE食品,
NOP,全米有機プログラム（NOP）,
North American Free Trade Agreement,北米自由貿易協定（NAFTA）,NAFTA
North American Meat Institute,北米食肉協会（NAMI）,
"Norwegian Institute of Food, Fisheries and Aquaculture",ノルウェー食品・漁業・水産養殖研究所（NOFIMA）,
NOSB,全米有機認証基準委員会（NOSB）,
Not classifiable as to its carcinogenicity to humans,ヒトに対する発がん性について分類できない,
NPA,米国自然製品協会（NPA）,
NPBT,新植物育種技術（NPBT）,
NPF,ナショナル・プレス財団（NPF）,貿易問題に関する専門家パネルを主催
NPPC,全米豚肉生産者協議会（NPPC）,
NRA,全米レストラン協会（NRA）,
NRDC,天然資源保護協議会（NRDC）,
NSAC,全国持続的農業連合会（NSAC）,
NuGo Nutrition,日本語表記はありません,栄養バーメーカー。ダークチョコレートの識別基準を求める
NuTek,日本語表記はありません,塩化カリウムを「カリウム塩」として記載できるよう請願
nutrient content claim,栄養素含有量強調表示,
Nutrition Facts, 栄養成分表,
OCA,有機消費者協会（OCA）,
Occupational Safety and Health Administration,労働安全衛生局（OSHA）,労働省の下部機関
Ocean Spray Cranberry,オーシャンスプレー・クランベリー,表示問題で提訴される
OECD,ヨーロッパ経済協力機構（OECD）,Organization for European Economic Cooperation
OEHHA,カリフォルニア州環境保健有害性評価局（OEHHA）,
OFAS,食品添加物安全事務局（OFAS）、食品添加物安全室（OFAS）,
Office of Administrative Law,カリフォルニア州行政法局,
Office of Environmental Health Hazard Assessment,カリフォルニア州環境保健有害性評価局（OEHHA）,
Office of Food Additive Safety (OFAS),食品添加物安全事務局（OFAS）,
Office of Inspector General,監察総監室（OIG）,各連邦政府機関の中に設置
Office of Management and Budget,米国行政管理予算局（OMB）,
Office of the Gene Technology Regulator,遺伝子技術規制局（OGTR）,
Office of the United States Trade Representative,米国通商代表部（USTR）,
OFPA,有機食品生産法（OFPA）,
OIE,国際獣疫事務局（OIE）,最近略称がWOAHに変更
OIG,監察総監室（OIG）,各連邦政府機関の中に設置
olfactory receptor,嗅覚受容体,
Olymel,オリメル,カナダの大手食肉会社
OMB,米国行政管理予算局（OMB）,
ONE Brands LLC,日本語表記はありません,プロテインバーを製造
Organic Foods Production Act,有機食品生産法（OFPA）,
Organic Livestock and Poultry Practices ,有機家畜・家禽飼育法,OLPP
Organic Trade Association,有機取引協会（OTA）,
OSC,米国特別顧問局（OSC）,
OSHA,労働安全衛生局（OSHA）,労働省の下部機関
OTA,有機取引協会（OTA）,
overhaul,徹底的に見直す,
Panel on Contaminants in the Food Chain（CONTAM panel）,フードチェーンにおける汚染物質に関するパネル（CONTAMパネル）,
Paperwork Reduction Act,文書業務削減法,
Parmigiano Reggiano,パルミジャーノ・レッジャーノ,
patent office,特許局,
PBFA,植物性食品協会（PBFA）,
PCRM,責任ある医療のための医師会（PCRM）,
PepsiCo,ペプシコ,
peracetic acid,過酢酸,
perchlorate,過塩素酸塩,
Perdue,パーデュー,"Sonny Perdue, Secretary of Agriculture　ソニー・パーデュー米国農務長官"
Perdue Farms,パーデュー,大手家禽肉生産業者
Perfect Day,パーフェクトデイ,微生物産生タンパク質を製造
PFAS,ペル／ポリフルオロアルキル物質（PFAS）,
PFOS,ペルフルオロオクタンスルホン酸（PFOS）,
PGI,地理的表示保護（PGI）,
Philippine National Standards (PNS),フィリピン国家規格（PNS）,
Physicians Committee for Responsible Medicine,責任ある医療のための医師会（PCRM）,
Pilgrim’s Pride,ピルグリムズ・プライド,JBS社の系列
Pirbright Institute,ピルブライト研究所,英国の研究所。アフリカ豚コレラのワクチンを作成中。
Plaintiff,原告,
Plant Based Foods Association,植物性食品協会（PBFA）,PBFA
PMA,農産物マーケティング協会（PMA）,
Poison control center,中毒事故管理センター,
pollinator,花粉媒介生物,
polycyclic aromatic hydrocarbon,多環芳香族炭化水素,
polyvinyl alcohol,ポリビニルアルコール（PVOH）,
Possibly carcinogenic to humans,ヒトに対して発がん性を有する可能性がある,
Power Purchase Agreement,電力売買契約（PPA）,
PPA,電力売買契約（PPA）,
Pret A Manger,プレタ・マンジェ,「ナチュラル」表示で訴えられる
Preventive Controls for Animal Food Rule,動物飼料の予防的管理規則,
price performance,価格性能比,
Prime Label Consultants,日本語表記はありません,食品表示に関するバーチャル会議を主催
Probably carcinogenic to humans,おそらくヒトに対して発がん性を有する,
Processing Contaminants,加工汚染物質,
Produce Marketing Association,農産物マーケティング協会（PMA）,
Produce Safety rule,農産物安全規則,
Prop 65,カリフォルニア州法案プロポジション65（Prop 65),Proposition 65
Protected Geographical Indication,地理的表示保護（PGI）,
protein,タンパク質,
provisions,規定,項目
psychoactive,精神活性,
Public consultation,公開協議,
PVOH,ポリビニルアルコール（PVOH）,
Qu Dongyu,屈冬玉,
qualified health claim,限定的健康強調表示,
quantum satis,必要量,初出時は「必要量（quantum satis）」と表記する
Quebec Ministry of Health,ケベック州保健省,
Queensland University of Technology,クイーンズランド工科大学,
ractopamine,ラクトパミン,
Rainforest Action Network,レインフォレスト・アクション・ネットワーク（RAN）,
RAN,レインフォレスト・アクション・ネットワーク（RAN）,
Rapid Alert System for Food and Feed,食品飼料緊急警報システム（RASFF）,
RASFF,食品飼料緊急警報システム（RASFF）,
R-CALF USA,牧場主・肉用牛生産者行動法律財団・アメリカ家畜生産者連合（R-CALF USA）,
ready-to-drink,RTD飲料,
ready-to-eat,RTE食品,
red meat,レッドミート,初出時は末尾に（red meat）を併記
regenerative agriculture,環境再生型農業,※初出時は英語も併記
regenerative farming,環境再生型農業,※初出時は英語も併記
Regulation (EU) 2015/2283,規則（EU）2015/2283,
Regulation (EU) 2015/2283 of the European Parliament and of the Council,規則（EU）2015/2283,
regulatory regime,規制制度,
reinstates,"回復,復活",Reinstate membership = 回委員資格停止を解除
Reuters,ロイター通信,
RFA,再生可能燃料協会（RFA）,
RFS,再生可能燃料基準（RFS）,
risk,リスク,
risk management recommendation,リスク管理勧告（RMR）,
RMR,リスク管理勧告,Risk Management Recommendation
Rosa DeLauro,ローザ・デローロ,
Rosselkhoznadzor,ロシア連邦動植物検疫監督局（Rosselkhoznadzor）,
Roundtable on Sustainable Palm Oil,持続可能なパーム油のための円卓会議（RSPO）,
RSPO,持続可能なパーム油のための円卓会議（RSPO）,Round Table of Sustainable Palm Oil
RTE,インスタント食品,Ready-to-eat foods
rulemaking,規則制定,
Russia’s Federal Service for Veterinary and Phytosanitary Surveillance　（Rosselkhoznadzor）,ロシア連邦動植物検疫監督局,
Salmonella,"サルモネラ、サNew Era E-Commerce Summit,ルモネラ属菌",
Salmonella Enteritidis,サルモネラ・エントリティディス,
salmonellosis,サルモネラ症,
Sam’s Club,日本語表記はありません,
Samantha Power,サマンサ・パワー,米国のUSAID長官
Sanderson Farms,サンダーソン・ファームズ,大手家禽肉生産業者
Sanitation SOPs,衛生規格運用手順（Sanitation SOPs）,
Sanitation Standard Operating Procedures,衛生規格運用手順（Sanitation SOPs）,
sanitizer,消毒剤,
Sargento,Sargento社,
Schwan Food Company,シュワン・フード・カンパニー,冷凍食品を製造
scientific opinion,科学的意見／科学的意見書,EFSAの見解をまとめたもの
Scott Pruitt,スコット・プルーイット,EPA長官
Secretary of Agriculture,農務長官,
SEIU,サービス従業員国際組合（SEIU）,
sell-by date,販売期限,アジアの非英語圏は、適宜内容を確認する
Sen,上院議員,
Senate Agriculture Committee,上院農業委員会,
Senate Appropriations Ag Subcommittee,上院歳出農業小委員会,
Senate Appropriations Committee,上院歳出委員会,
"Senate Committee for Agriculture, Nutrition and Forestry",上院農業・栄養・林業委員会,
"Senate Committee on Commerce, Science and Transportation",上院商業・科学・運輸委員会,
Senate Majority Leader,上院多数党院内総務,
senior scientist,研究主幹,
Service Employees International Union,サービス従業員国際組合（SEIU）,
SHA,スー・ハニー・アソシエーション（SHA）,
shell egg,殻付卵,
Shigatoxin-producing E. coli,志賀毒素産生性大腸菌,
shigellosis,細菌性赤痢,
Shiok Meats,日本語表記はありません,細胞培養エビを開発するシンガポールの会社
SIAL,国際食品見本市（SIAL）,
SIMP,水産物輸入監視制度（SIMP）,Seafood Import Monitoring Program
Singapore’s Ministry of Health,シンガポール保健省,
Sioux Honey Association,スー・ハニー・アソシエーション（SHA）,
slam,激しく非難,
Smithfield Foods,スミスフィールド・フーズ,世界最大の豚肉加工会社
SNA,学校栄養協会（SNA）,
SNAP,補助的栄養支援プログラム（SNAP）,
Sonny Perdue,ソニー・パーデュー,ソニー・パーデュー米国農務長官
specific migration limit,特定移行量制限（SML）,
spending bill,歳出法案,
Spirits,蒸留酒,
stakeholders,利害関係者,
standard of identity,識別規格,
standardized food,規格化食品,※米国で識別規格（standard of identity）を有する食品を指す場合
"Standards for the Growing, Harvesting, Packing, and Holding",食用農産物の栽培，収穫，出荷，貯蔵の基準,
Starbucks,スターバックス,
State attorney general,州検事総長,
State attorneys general,州検事総長,
State of the Union,一般教書演説,State of the Union Address
Stella Kyriakides,ステラ・キリアキデス,欧州委員会の保健・食品安全担当委員（2022年9月時点）
Steptoe & Johnson,日本語表記はありません,法律事務所
Stericycle Expert Solutions,日本語表記はありません,4半期ごとに食品リコールのデータを発表
subcommittee,小委員会,
summary judgment,略式判決,
Supplemental Nutrition Assistance Program,補助的栄養支援プログラム（SNAP）,
Sustainability,サステナビリティ,
Sustainable,持続可能な,
Sustainable Development Goals,持続可能な開発目標（SDGs）,
Syngenta,シンジェンタ,
Taiwan's Agriculture and Food Agency,台湾農糧署（AFA）,
Tammy Baldwin,タミー・ボールドウィン上院議員,
Tate & Lyle,テート＆ライル社,A food company
TDI,耐容一日摂取量（TDI）,
Technical Regulation,技術規則,
TEF,毒性等価係数（TEF）,
TEQ,毒性等量（TEQ）,
Tereza Cristina,テレザ・クリスチナ,
Thai Union,タイ・ユニオン,
THC,テトラヒドロカンナビノール（THC）,
The Acheson Group,ザ・アチソン・グループ,食品安全コンサルティング会社
the Consumer Goods Forum,ザ・コンシューマー・グッズ・フォーラム（CGF）,
The Standing Committee of the 13th National People’s Congress,中国第13期全国人民代表大会（全人代）常務委員会,食用目的の野生動物取引を禁止
The US Court of Appeals for the Second Circuit,連邦第二巡回区控訴裁判所,
Tillamook County Creamery Association,ティラムック郡乳製品製造所協会,オレゴン州の酪農協同組合。虚偽広告訴訟を起こされる
Tip Top Poultry,日本語表記はありません,鶏肉製品をリコール
Tolerable Daily Intake,耐容一日摂取量（TDI）,
tolerable weekly intake,耐容週間摂取量,
Tom Vilsack,トム・ビルサック,米国のUSDA長官
Toxic Equivalency Factor,毒性等価係数（TEF）,
Toxic Equivalent,毒性等量（TEQ）,
Toxoplasma gondii,トキソプラズマ,初出時は学名を併記
Trans-Pacific Partnership,環太平洋パートナーシップ協定（TPP）,TPP
Trichinella,旋毛虫,初出時は学名を併記
TRQ,関税割当制度（TRQ）,
TTB,アルコール・タバコ税貿易管理局（TTB）,アルコール飲料のラベル表示基準に関する新規則を発行
Turtle Island Foods,タートル・アイランド・フーズ,トーファーキーを製造
type 2 diabetes,II型糖尿病 ,
Tyson Foods,タイソン・フーズ,
Tyson Fresh Meats,タイソン・フレッシュ・ミーツ,
U. S. Food and Drug Administration,米国食品医薬品局（FDA）,
UAE,アラブ首長国連邦（UAE）,
UECBV,欧州家畜食肉取引業者連盟（UECBV）,
UEP,米国鶏卵生産者協会（UEP）,
UFCW,全米食品商業労働組合（UFCW）,
UK Food Standards Agency,英国食品基準庁（FSA）,
unconstitutional,違憲,
UNEP,国連環境計画（UNEP）,
UNIDO,国連工業開発機関（UNIDO）,
Unified Agenda,統一アジェンダ（Unified Agenda）,
Unilever,ユニリーバ,
Union list,欧州連合リスト,
unique facility identifier,固有施設識別名（UFI）,
United Food and Commercial Workers,全米食品商業労働組合（UFCW）,
United Fresh,米国生鮮青果物協会(United Fresh Produce Association),
United Fresh Produce Association,米国生鮮青果物協会（United Fresh Produce Association）,
United Nations Environment Programme,国連環境計画（UNEP）,
United Nations Industry Development Organization,国連工業開発機関（UNIDO）,
United States Agency for International Development,米国国際開発庁（USAID）,
United States Cattlemen’s Association,全国牧畜業者牛肉協会（USCA）,
Upfield US,日本語表記はありません,バター代替品を製造
Upton’s Naturals,日本語表記はありません,ミシシッピ州の「フェイク・ミート」法に対し提訴
urinary tract infections,尿路感染症（UTI）,
Ursula von der Leyen,ウルズラ・フォン・デア・ライエン,
US Cattlemen’s Association,米国肉牛生産者協会（USCA）,
US Court of Appeals for the Ninth Circuit,連邦第九巡回控訴裁判所,
US Customs and Border Protection,米国税関国境警備局（CBP）,
US Dairy Export Council, アメリカ乳製品輸出協会（USDEC）,
US Department of Commerce,米国商務省（DOC）,
US Department of Commerce ,米国商務省（DOC）,
US Office of Special Counsel,米国特別顧問局（OSC）,
US Patent and Trademark Office,米国特許商標庁（USPTO）,
US PIRG,米国公共利益調査グループ（US PIRG）,消費者団体
USA Rice Federation,USAライス連合会,
USAID,米国国際開発庁（USAID）,
USCA,米国肉牛生産者協会（USCA）,
USDA,米国農務省（USDA）,
use-by date,消費期限,アジアの非英語圏は、適宜内容を確認する
USHGA,米国ヘンプ生産者協会（USHGA）,
USMCA,米国・メキシコ・カナダ協定（USMCA）,
US-Mexico-Canada Agreement,米国・メキシコ・カナダ協定（USMCA）,
USPTO,米国特許商標局（USPTO）,
USTR,米国通商代表部（USTR）,
Vibra Agroindustrial,日本語表記はありません,ブラジルの家禽肉会社
vinylidene chloride,塩化ビニリデン,
Vion,日本語表記はありません,オランダの食肉会社
VQIP,任意適格輸入業者プログラム（VQIP）,
Wageningen Food Safety Research,ワーヘニンゲン食品安全研究所,
Walmart ,ウォルマート,
warning letters,警告書,
Ways and Means,下院歳入委員会,
WCRF,世界がん研究基金（WCRF）,
Wegmans,ウェグマンズ,
WFP,世界食糧計画（WFP）,
WH Group,万洲国際（WHグループ）,
White House Office of Management and Budget,米国行政予算管理局（OMB）,
WHO,世界保健機関（WHO）,
WHO Global Strategy for Food Safety,WHO食品安全世界戦略,
Whole Food Markets,ホールフーズマーケット,
whole genome sequencing,全ゲノム解読,
WIKIM,世界キムチ研究所（WIKIM）,
WITA,ワシントン国際貿易協会（WITA）,
World Cancer Research Fund International,世界がん研究基金（WCRF）,
World Food Programme,世界食糧計画（WFP）,
World Health Organization,世界保健機関（WHO）,WHO
World Institute of Kimchi,世界キムチ研究所（WIKIM）,
World Resources Institute,世界資源研究所（WRI）,
WRI,世界資源研究所（WRI）,
WTO,世界貿易機関（WTO）,
yellow mealworm,チャイロコメノゴミムシダマシの幼虫,
Yiannas,イアナス,
Yield10 Bioscience,日本語表記はありません,
zoonosis,人獣共通感染症,
zoonotic disease,人獣共通感染症,
slaughter,屠畜,文脈では「屠畜」、法律などの名称では「と畜」※正式な和訳・名称を優先する
Food and Drugs Act,食品医薬品法,※カナダの法令
Food and Drug Regulations,食品医薬品規則,※カナダの法令
Safe Food for Canadians Act,カナダ国民のための食品安全法（SFCA）,
Safe Food for Canadians Regulations,カナダ国民のための食品安全規則（SFCR）,
lipid-based nutrient supplement,脂質ベースの栄養サプリメント（LNS),※初出時は英語を併記
ready-to-use therapeutic food,すぐに食べられる栄養治療食（RUTF),※初出時は英語を併記
LNS,脂質ベースの栄養サプリメント,※初出時は英語(lipid-based nutrient supplement)を併記
RUTF,すぐに食べられる栄養治療食,※初出時は英語を併記(ready-to-use therapeutic food)を併記
European Medicines Agency,欧州医薬品庁（EMA）,
EMA,欧州医薬品庁（EMA）,※European Medicines Agency
personalized nutrition,パーソナライズドニュートリション,※初出時は英語（personalized nutrition）を併記
Department of Health and Social Care,保健社会福祉省（DHSC）,※英国機関
DHSC,保健社会福祉省（DHSC）,※英国機関のDepartment of Health and Social Care
due diligence,デューディリジェンス,
request for information,情報提供依頼（RFI）,※米国FDAの記事に出てきた場合のみ
RFI,情報提供依頼（RFI),※米国FDAの記事に出てきた場合のみ
